{"count_rates": [4588.337401715684, 6897.562069309422, 10184.120353516611, 15663.976504969645, 24761.535787407993, 38303.38588478998, 58996.786291223405, 95156.50411617378, 148250.0043264444, 233462.5844262191, 379154.2528953843, 591427.1684794164, 919932.6006148069, 1468051.5217008414, 2245290.8882430163, 3396524.3172100773, 5178535.0731202895, 7442471.2840607185, 10258506.501241673, 13760251.375687957, 17255786.77895959, 20618370.88975807, 23925914.024018884, 26550589.66105151, 28487558.142774794], "eff_efficiencies": [1.2182851567809907, 1.1555512830349441, 1.076507673551619, 1.0447097067072713, 1.0420083144321028, 1.0170229953107908, 0.9883754783026857, 1.005847371334683, 0.9887541550518404, 0.9824509924163806, 1.0067219517468595, 0.9908202586519618, 0.9724104481642122, 0.9791177062737949, 0.9448572955873095, 0.9018375934506164, 0.8675620150794404, 0.7867029423618709, 0.6841916109084198, 0.5790552114878968, 0.4581718182608662, 0.34542037746585486, 0.25290775392986037, 0.17707929227870087, 0.11988057888450812], "count_rates2": [9304.213440829793, 11445.921439566324, 14408.5728580551, 19586.505668929993, 27851.558342852357, 39640.270438517015, 58449.96501965888, 90721.89442682822, 138026.05266472735, 213131.65235106667, 342208.7570068385, 529597.909209842, 821576.4015234069, 1307763.5859992376, 2000280.2555313131, 3033595.0105735804, 4707328.299083344, 6946373.847110963, 9779447.591595452, 12954704.348901378, 15880465.92673587, 18848518.416921865, 21979695.36829955, 24596643.979921293, 26854895.682129346, 28953709.08489626, 30636794.12454141], "eff_efficiencies2": [2.7186610185510305, 2.110212329649829, 1.676086246403144, 1.4375811120088633, 1.289807491793969, 1.1582758573991363, 1.077605132127822, 1.05532810913634, 1.0130630222148886, 0.9870140785547168, 0.999922899230395, 0.976386255726145, 0.9557038858244314, 0.9598527996689815, 0.9263310969937009, 0.8864066321958496, 0.8678604224992462, 0.8080412808551214, 0.7177772993913629, 0.5999332072374706, 0.4640220685607386, 0.34749824353614756, 0.255680180610965, 0.18053077665830047, 0.1243651978670888, 0.08460179974606655, 0.05648312461683306]}