{"count_rates": [4588.337401715684, 6897.562069309422, 10184.120353516611, 15663.976504969645, 24761.535787407993, 38303.38588478998, 58996.786291223405, 95156.50411617378, 148250.0043264444, 233462.5844262191, 379154.2528953843, 591427.1684794164, 919932.6006148069, 1468051.5217008414, 2245290.8882430163, 3396524.3172100773, 5178535.0731202895, 7442471.2840607185, 10258506.501241673, 13760251.375687957, 17255786.77895959, 20618370.88975807, 23925914.024018884, 26550589.66105151, 28487558.142774794], "eff_efficiencies": [1.2182851567809907, 1.1555512830349441, 1.076507673551619, 1.0447097067072713, 1.0420083144321028, 1.0170229953107908, 0.9883754783026857, 1.005847371334683, 0.9887541550518404, 0.9824509924163806, 1.0067219517468595, 0.9908202586519618, 0.9724104481642122, 0.9791177062737949, 0.9448572955873095, 0.9018375934506164, 0.8675620150794404, 0.7867029423618709, 0.6841916109084198, 0.5790552114878968, 0.4581718182608662, 0.34542037746585486, 0.25290775392986037, 0.17707929227870087, 0.11988057888450812], "count_rates2": [9304.213440829793, 11445.921439566324, 14408.5728580551, 19586.505668929993, 27851.558342852357, 39640.270438517015, 58449.96501965888, 90721.89442682822, 138026.05266472735, 213131.65235106667, 342208.7570068385, 529597.909209842, 821576.4015234069, 1307763.5859992376, 2000280.2555313131, 3033595.0105735804, 4707328.299083344, 6946373.847110963, 9779447.591595452, 12954704.348901378, 15880465.92673587, 18848518.416921865, 21979695.36829955, 24596643.979921293, 26854895.682129346, 28953709.08489626, 30636794.12454141], "eff_efficiencies2": [2.5264768975585596, 1.9610398881744393, 1.5576024929029604, 1.335957459599983, 1.1986300638732048, 1.0763964961981234, 1.0014284430585318, 0.9807261989941517, 0.9414488617491932, 0.9172413368263895, 0.9292376235974448, 0.9073648025087558, 0.8881444843496021, 0.8920001084626088, 0.8608480792842665, 0.8237459038858341, 0.8065107392161622, 0.7509202561201073, 0.6670371010324664, 0.5575234933009469, 0.43122001168092094, 0.32293334043689464, 0.23760596303451129, 0.1677689250013936, 0.11557373174790349, 0.07862123710598995, 0.05249029153417836]}